21, 2000000, 2000001, 2000002, 2000003, 2000004, 
22, 2000009, 2000010, 2000011, 2000012, 2000013, 
23, 2000018, 2000019, 2000020, 2000021, 2000022, 
24, 2000027, 2000028, 2000029, 2000030, 2000031, 
25, 2000036, 2000037, 2000038, 2000039, 2000040, 
26, 2000045, 2000046, 2000047, 2000048, 2000049, 
27, 2000054, 2000055, 2000056, 2000057, 2000058, 
28, 2000063, 2000064, 2000065, 2000066, 2000067, 
29, 2000072, 2000073, 2000074, 2000075, 2000076, 
30, 2000081, 2000082, 2000083, 2000084, 2000085, 
31, 2000090, 2000091, 2000092, 2000093, 2000094, 
32, 2000099, 2000100, 2000101, 2000102, 2000103, 
33, 2000108, 2000109, 2000110, 2000111, 2000112, 
34, 2000117, 2000118, 2000119, 2000120, 2000121, 
35, 2000126, 2000127, 2000128, 2000129, 2000130, 
36, 2000135, 2000136, 2000137, 2000138, 2000139, 
57, 2000005, 2000006, 2000007, 2000008, 
58, 2000014, 2000015, 2000016, 2000017, 
59, 2000023, 2000024, 2000025, 2000026, 
60, 2000032, 2000033, 2000034, 2000035, 
61, 2000041, 2000042, 2000043, 2000044, 
62, 2000050, 2000051, 2000052, 2000053, 
63, 2000059, 2000060, 2000061, 2000062, 
64, 2000068, 2000069, 2000070, 2000071, 
65, 2000077, 2000078, 2000079, 2000080, 
66, 2000086, 2000087, 2000088, 2000089, 
67, 2000095, 2000096, 2000097, 2000098, 
68, 2000104, 2000105, 2000106, 2000107, 
69, 2000113, 2000114, 2000115, 2000116, 
70, 2000122, 2000123, 2000124, 2000125, 
71, 2000131, 2000132, 2000133, 2000134, 
72, 2000140, 2000141, 2000142, 2000143, 
