17, 2000000, 2000001, 2000002, 2000003, 2000004, 
18, 2000009, 2000010, 2000011, 2000012, 2000013, 
19, 2000018, 2000019, 2000020, 2000021, 2000022, 
20, 2000027, 2000028, 2000029, 2000030, 2000031, 
21, 2000036, 2000037, 2000038, 2000039, 2000040, 
22, 2000045, 2000046, 2000047, 2000048, 2000049, 
23, 2000054, 2000055, 2000056, 2000057, 2000058, 
24, 2000063, 2000064, 2000065, 2000066, 2000067, 
25, 2000072, 2000073, 2000074, 2000075, 2000076, 
26, 2000081, 2000082, 2000083, 2000084, 2000085, 
27, 2000090, 2000091, 2000092, 2000093, 2000094, 
28, 2000099, 2000100, 2000101, 2000102, 2000103, 
29, 2000108, 2000109, 2000110, 2000111, 2000112, 
30, 2000117, 2000118, 2000119, 2000120, 2000121, 
31, 2000126, 2000127, 2000128, 2000129, 2000130, 
32, 2000135, 2000136, 2000137, 2000138, 2000139, 
42, 2000000, 2000001, 2000002, 2000003, 2000004, 
43, 2000009, 2000010, 2000011, 2000012, 2000013, 
44, 2000018, 2000019, 2000020, 2000021, 2000022, 
45, 2000027, 2000028, 2000029, 2000030, 2000031, 
46, 2000036, 2000037, 2000038, 2000039, 2000040, 
47, 2000045, 2000046, 2000047, 2000048, 2000049, 
48, 2000054, 2000055, 2000056, 2000057, 2000058, 
49, 2000063, 2000064, 2000065, 2000066, 2000067, 
50, 2000072, 2000073, 2000074, 2000075, 2000076, 
51, 2000081, 2000082, 2000083, 2000084, 2000085, 
52, 2000090, 2000091, 2000092, 2000093, 2000094, 
53, 2000099, 2000100, 2000101, 2000102, 2000103, 
54, 2000108, 2000109, 2000110, 2000111, 2000112, 
55, 2000117, 2000118, 2000119, 2000120, 2000121, 
56, 2000126, 2000127, 2000128, 2000129, 2000130, 
57, 2000135, 2000136, 2000137, 2000138, 2000139, 
74, 2000005, 2000006, 2000007, 2000008, 
75, 2000014, 2000015, 2000016, 2000017, 
76, 2000023, 2000024, 2000025, 2000026, 
77, 2000032, 2000033, 2000034, 2000035, 
78, 2000041, 2000042, 2000043, 2000044, 
79, 2000050, 2000051, 2000052, 2000053, 
80, 2000059, 2000060, 2000061, 2000062, 
81, 2000068, 2000069, 2000070, 2000071, 
82, 2000077, 2000078, 2000079, 2000080, 
83, 2000086, 2000087, 2000088, 2000089, 
84, 2000095, 2000096, 2000097, 2000098, 
85, 2000104, 2000105, 2000106, 2000107, 
86, 2000113, 2000114, 2000115, 2000116, 
87, 2000122, 2000123, 2000124, 2000125, 
88, 2000131, 2000132, 2000133, 2000134, 
89, 2000140, 2000141, 2000142, 2000143, 
98, 2000005, 2000006, 2000007, 2000008, 
99, 2000014, 2000015, 2000016, 2000017, 
100, 2000023, 2000024, 2000025, 2000026, 
101, 2000032, 2000033, 2000034, 2000035, 
102, 2000041, 2000042, 2000043, 2000044, 
103, 2000050, 2000051, 2000052, 2000053, 
104, 2000059, 2000060, 2000061, 2000062, 
105, 2000068, 2000069, 2000070, 2000071, 
106, 2000077, 2000078, 2000079, 2000080, 
107, 2000086, 2000087, 2000088, 2000089, 
108, 2000095, 2000096, 2000097, 2000098, 
109, 2000104, 2000105, 2000106, 2000107, 
110, 2000113, 2000114, 2000115, 2000116, 
111, 2000122, 2000123, 2000124, 2000125, 
112, 2000131, 2000132, 2000133, 2000134, 
113, 2000140, 2000141, 2000142, 2000143, 
